experimento,repeticion,modo,vacas,estrellas,hilos,estrellas_paralelas,schedule,chunk,semilla,ms_sim_avg,ms_sim_p95,ms_pasada_a_avg,ms_pasada_b_avg,ms_render_avg,fps
speedup,1,serial,50,180,1,0,static,0,1234,0.083200,0.083200,0.029500,0.015500,0.000000,12019.231
speedup,1,paralelo,50,180,1,0,static,0,1234,0.058600,0.058600,0.027200,0.011600,0.000000,17064.846
speedup,1,paralelo,50,180,2,0,static,0,1234,0.338400,0.338400,0.271800,0.039000,0.000000,2955.083
speedup,2,serial,50,180,1,0,static,0,1234,0.084000,0.084000,0.030600,0.015500,0.000000,11904.762
speedup,2,paralelo,50,180,1,0,static,0,1234,0.059300,0.059300,0.027600,0.011700,0.000000,16863.406
speedup,2,paralelo,50,180,2,0,static,0,1234,0.275900,0.275900,0.127800,0.115900,0.000000,3624.502
speedup,3,serial,50,180,1,0,static,0,1234,0.091100,0.091100,0.031900,0.017000,0.000000,10976.948
speedup,3,paralelo,50,180,1,0,static,0,1234,0.058200,0.058200,0.026500,0.011900,0.000000,17182.131
speedup,3,paralelo,50,180,2,0,static,0,1234,0.154900,0.154900,0.080200,0.043100,0.000000,6455.778
speedup,4,serial,50,180,1,0,static,0,1234,0.115300,0.115300,0.047600,0.021600,0.000000,8673.027
speedup,4,paralelo,50,180,1,0,static,0,1234,0.070100,0.070100,0.027900,0.011700,0.000000,14265.335
speedup,4,paralelo,50,180,2,0,static,0,1234,0.330700,0.330700,0.165900,0.130000,0.000000,3023.889
speedup,5,serial,50,180,1,0,static,0,1234,0.082800,0.082800,0.029800,0.015300,0.000000,12077.295
speedup,5,paralelo,50,180,1,0,static,0,1234,0.040600,0.040600,0.018900,0.007900,0.000000,24630.542
speedup,5,paralelo,50,180,2,0,static,0,1234,0.153100,0.153100,0.080800,0.040500,0.000000,6531.679
speedup,6,serial,50,180,1,0,static,0,1234,0.084000,0.084000,0.030600,0.015500,0.000000,11904.762
speedup,6,paralelo,50,180,1,0,static,0,1234,0.059200,0.059200,0.027000,0.012100,0.000000,16891.892
speedup,6,paralelo,50,180,2,0,static,0,1234,0.134000,0.134000,0.079900,0.032600,0.000000,7462.687
speedup,7,serial,50,180,1,0,static,0,1234,0.082800,0.082800,0.029400,0.015700,0.000000,12077.295
speedup,7,paralelo,50,180,1,0,static,0,1234,0.069600,0.069600,0.037200,0.012500,0.000000,14367.816
speedup,7,paralelo,50,180,2,0,static,0,1234,0.276900,0.276900,0.132400,0.121100,0.000000,3611.412
speedup,8,serial,50,180,1,0,static,0,1234,0.188600,0.188600,0.051200,0.020500,0.000000,5302.227
speedup,8,paralelo,50,180,1,0,static,0,1234,0.093600,0.093600,0.045100,0.018100,0.000000,10683.761
speedup,8,paralelo,50,180,2,0,static,0,1234,0.276200,0.276200,0.132200,0.121400,0.000000,3620.565
speedup,9,serial,50,180,1,0,static,0,1234,0.110300,0.110300,0.043600,0.021300,0.000000,9066.183
speedup,9,paralelo,50,180,1,0,static,0,1234,0.057200,0.057200,0.026000,0.011900,0.000000,17482.517
speedup,9,paralelo,50,180,2,0,static,0,1234,0.160900,0.160900,0.085400,0.037900,0.000000,6215.040
speedup,10,serial,50,180,1,0,static,0,1234,0.083400,0.083400,0.030300,0.015200,0.000000,11990.408
speedup,10,paralelo,50,180,1,0,static,0,1234,0.058000,0.058000,0.026700,0.011600,0.000000,17241.379
speedup,10,paralelo,50,180,2,0,static,0,1234,0.325300,0.325300,0.149800,0.144800,0.000000,3074.085
schedule,1,serial,50,180,1,0,static,0,1234,0.331500,0.331500,0.042900,0.024600,0.000000,3016.591
schedule,1,paralelo,50,180,2,0,static,0,1234,0.418200,0.418200,0.139200,0.114500,0.000000,2391.200
schedule,1,paralelo,50,180,2,0,dynamic,0,1234,0.234100,0.234100,0.071000,0.122700,0.000000,4271.679
schedule,1,paralelo,50,180,2,0,guided,0,1234,0.220500,0.220500,0.071000,0.126400,0.000000,4535.147
schedule,2,serial,50,180,1,0,static,0,1234,0.082700,0.082700,0.029500,0.015400,0.000000,12091.898
schedule,2,paralelo,50,180,2,0,static,0,1234,0.445700,0.445700,0.306000,0.102700,0.000000,2243.662
schedule,2,paralelo,50,180,2,0,dynamic,0,1234,0.240500,0.240500,0.071800,0.127600,0.000000,4158.004
schedule,2,paralelo,50,180,2,0,guided,0,1234,0.319400,0.319400,0.141300,0.138400,0.000000,3130.870
schedule,3,serial,50,180,1,0,static,0,1234,0.155800,0.155800,0.073500,0.029700,0.000000,6418.485
schedule,3,paralelo,50,180,2,0,static,0,1234,0.272400,0.272400,0.133700,0.115700,0.000000,3671.072
schedule,3,paralelo,50,180,2,0,dynamic,0,1234,0.289800,0.289800,0.067000,0.166100,0.000000,3450.656
schedule,3,paralelo,50,180,2,0,guided,0,1234,0.252800,0.252800,0.112700,0.115700,0.000000,3955.696
schedule,4,serial,50,180,1,0,static,0,1234,0.156400,0.156400,0.097700,0.019800,0.000000,6393.862
schedule,4,paralelo,50,180,2,0,static,0,1234,0.269000,0.269000,0.129200,0.116800,0.000000,3717.472
schedule,4,paralelo,50,180,2,0,dynamic,0,1234,0.216200,0.216200,0.089900,0.080300,0.000000,4625.347
schedule,4,paralelo,50,180,2,0,guided,0,1234,0.304600,0.304600,0.110000,0.156300,0.000000,3282.994
schedule,5,serial,50,180,1,0,static,0,1234,0.123300,0.123300,0.044400,0.023500,0.000000,8110.300
schedule,5,paralelo,50,180,2,0,static,0,1234,0.215900,0.215900,0.113200,0.070800,0.000000,4631.774
schedule,5,paralelo,50,180,2,0,dynamic,0,1234,2.824200,2.824200,2.422200,0.262000,0.000000,354.083
schedule,5,paralelo,50,180,2,0,guided,0,1234,0.170600,0.170600,0.075400,0.069200,0.000000,5861.665
schedule,6,serial,50,180,1,0,static,0,1234,0.118400,0.118400,0.046600,0.022400,0.000000,8445.946
schedule,6,paralelo,50,180,2,0,static,0,1234,0.277900,0.277900,0.132300,0.121900,0.000000,3598.417
schedule,6,paralelo,50,180,2,0,dynamic,0,1234,0.213200,0.213200,0.061700,0.102500,0.000000,4690.432
schedule,6,paralelo,50,180,2,0,guided,0,1234,0.431600,0.431600,0.306700,0.082700,0.000000,2316.960
schedule,7,serial,50,180,1,0,static,0,1234,0.069200,0.069200,0.026500,0.013200,0.000000,14450.867
schedule,7,paralelo,50,180,2,0,static,0,1234,0.278100,0.278100,0.133900,0.121100,0.000000,3595.829
schedule,7,paralelo,50,180,2,0,dynamic,0,1234,0.236200,0.236200,0.071900,0.123300,0.000000,4233.700
schedule,7,paralelo,50,180,2,0,guided,0,1234,0.223300,0.223300,0.069400,0.130200,0.000000,4478.280
schedule,8,serial,50,180,1,0,static,0,1234,0.149700,0.149700,0.059300,0.045500,0.000000,6680.027
schedule,8,paralelo,50,180,2,0,static,0,1234,0.365300,0.365300,0.180100,0.141600,0.000000,2737.476
schedule,8,paralelo,50,180,2,0,dynamic,0,1234,0.241600,0.241600,0.072800,0.126000,0.000000,4139.073
schedule,8,paralelo,50,180,2,0,guided,0,1234,0.205400,0.205400,0.108600,0.064800,0.000000,4868.549
schedule,9,serial,50,180,1,0,static,0,1234,0.083000,0.083000,0.029900,0.015400,0.000000,12048.193
schedule,9,paralelo,50,180,2,0,static,0,1234,0.300400,0.300400,0.129000,0.129300,0.000000,3328.895
schedule,9,paralelo,50,180,2,0,dynamic,0,1234,0.293800,0.293800,0.133500,0.119400,0.000000,3403.676
schedule,9,paralelo,50,180,2,0,guided,0,1234,0.309100,0.309100,0.135100,0.135800,0.000000,3235.199
schedule,10,serial,50,180,1,0,static,0,1234,0.093000,0.093000,0.033400,0.017600,0.000000,10752.688
schedule,10,paralelo,50,180,2,0,static,0,1234,0.385100,0.385100,0.171800,0.172100,0.000000,2596.728
schedule,10,paralelo,50,180,2,0,dynamic,0,1234,0.345500,0.345500,0.177700,0.124900,0.000000,2894.356
schedule,10,paralelo,50,180,2,0,guided,0,1234,0.219300,0.219300,0.070100,0.126000,0.000000,4559.964
false_sharing,1,serial,50,180,1,0,static,0,1234,0.082800,0.082800,0.029600,0.015700,0.000000,12077.295
false_sharing,1,paralelo,50,180,2,0,static,0,1234,0.316900,0.316900,0.162500,0.107800,0.000000,3155.570
false_sharing,1,paralelo,50,180,2,0,static,1,1234,0.278800,0.278800,0.133800,0.121800,0.000000,3586.801
false_sharing,2,serial,50,180,1,0,static,0,1234,0.113600,0.113600,0.037900,0.024900,0.000000,8802.817
false_sharing,2,paralelo,50,180,2,0,static,0,1234,0.304100,0.304100,0.121200,0.092300,0.000000,3288.392
false_sharing,2,paralelo,50,180,2,0,static,1,1234,0.323200,0.323200,0.156500,0.137200,0.000000,3094.059
false_sharing,3,serial,50,180,1,0,static,0,1234,0.112100,0.112100,0.045400,0.021400,0.000000,8920.607
false_sharing,3,paralelo,50,180,2,0,static,0,1234,0.240000,0.240000,0.083000,0.101800,0.000000,4166.667
false_sharing,3,paralelo,50,180,2,0,static,1,1234,0.392000,0.392000,0.061100,0.310800,0.000000,2551.020
false_sharing,4,serial,50,180,1,0,static,0,1234,0.083300,0.083300,0.029700,0.015700,0.000000,12004.802
false_sharing,4,paralelo,50,180,2,0,static,0,1234,0.277600,0.277600,0.132200,0.121600,0.000000,3602.305
false_sharing,4,paralelo,50,180,2,0,static,1,1234,0.341000,0.341000,0.117200,0.177800,0.000000,2932.551
false_sharing,5,serial,50,180,1,0,static,0,1234,0.085400,0.085400,0.032500,0.015600,0.000000,11709.602
false_sharing,5,paralelo,50,180,2,0,static,0,1234,0.483900,0.483900,0.166600,0.108900,0.000000,2066.543
false_sharing,5,paralelo,50,180,2,0,static,1,1234,0.284600,0.284600,0.136700,0.124200,0.000000,3513.703
false_sharing,6,serial,50,180,1,0,static,0,1234,0.089600,0.089600,0.031900,0.017400,0.000000,11160.714
false_sharing,6,paralelo,50,180,2,0,static,0,1234,0.185600,0.185600,0.089000,0.084900,0.000000,5387.931
false_sharing,6,paralelo,50,180,2,0,static,1,1234,0.401900,0.401900,0.215900,0.142800,0.000000,2488.181
false_sharing,7,serial,50,180,1,0,static,0,1234,0.095900,0.095900,0.041800,0.016200,0.000000,10427.529
false_sharing,7,paralelo,50,180,2,0,static,0,1234,0.276100,0.276100,0.131500,0.121500,0.000000,3621.876
false_sharing,7,paralelo,50,180,2,0,static,1,1234,0.361900,0.361900,0.169900,0.158400,0.000000,2763.194
false_sharing,8,serial,50,180,1,0,static,0,1234,0.083200,0.083200,0.029200,0.015800,0.000000,12019.231
false_sharing,8,paralelo,50,180,2,0,static,0,1234,0.571100,0.571100,0.205900,0.285700,0.000000,1751.007
false_sharing,8,paralelo,50,180,2,0,static,1,1234,0.282700,0.282700,0.135900,0.123300,0.000000,3537.319
false_sharing,9,serial,50,180,1,0,static,0,1234,0.103000,0.103000,0.036500,0.019300,0.000000,9708.738
false_sharing,9,paralelo,50,180,2,0,static,0,1234,0.285200,0.285200,0.132100,0.116200,0.000000,3506.311
false_sharing,9,paralelo,50,180,2,0,static,1,1234,0.252700,0.252700,0.120900,0.109300,0.000000,3957.262
false_sharing,10,serial,50,180,1,0,static,0,1234,0.083400,0.083400,0.029300,0.015500,0.000000,11990.408
false_sharing,10,paralelo,50,180,2,0,static,0,1234,0.364200,0.364200,0.158100,0.174000,0.000000,2745.744
false_sharing,10,paralelo,50,180,2,0,static,1,1234,0.357200,0.357200,0.165400,0.157500,0.000000,2799.552
estrellas,1,serial,1,180,1,0,static,0,1234,0.059500,0.059500,0.010900,0.010800,0.000000,16806.723
estrellas,1,paralelo,1,180,2,0,static,0,1234,0.413200,0.413200,0.194600,0.174200,0.000000,2420.136
estrellas,1,paralelo,1,180,2,1,static,0,1234,0.208800,0.208800,0.065700,0.067000,0.000000,4789.272
estrellas,2,serial,1,180,1,0,static,0,1234,0.079800,0.079800,0.016000,0.017000,0.000000,12531.328
estrellas,2,paralelo,1,180,2,0,static,0,1234,0.204900,0.204900,0.096400,0.075100,0.000000,4880.429
estrellas,2,paralelo,1,180,2,1,static,0,1234,0.369500,0.369500,0.121100,0.120600,0.000000,2706.360
estrellas,3,serial,1,180,1,0,static,0,1234,0.059100,0.059100,0.010900,0.010700,0.000000,16920.474
estrellas,3,paralelo,1,180,2,0,static,0,1234,0.166600,0.166600,0.044000,0.077200,0.000000,6002.401
estrellas,3,paralelo,1,180,2,1,static,0,1234,0.201700,0.201700,0.063000,0.065000,0.000000,4957.858
estrellas,4,serial,1,180,1,0,static,0,1234,0.059300,0.059300,0.010800,0.010800,0.000000,16863.406
estrellas,4,paralelo,1,180,2,0,static,0,1234,0.195500,0.195500,0.085500,0.084600,0.000000,5115.090
estrellas,4,paralelo,1,180,2,1,static,0,1234,0.427900,0.427900,0.140000,0.138200,0.000000,2336.995
estrellas,5,serial,1,180,1,0,static,0,1234,0.072600,0.072600,0.010900,0.010700,0.000000,13774.105
estrellas,5,paralelo,1,180,2,0,static,0,1234,0.067600,0.067600,0.022500,0.022500,0.000000,14792.899
estrellas,5,paralelo,1,180,2,1,static,0,1234,0.870800,0.870800,0.438800,0.164600,0.000000,1148.369
estrellas,6,serial,1,180,1,0,static,0,1234,0.080400,0.080400,0.017700,0.016400,0.000000,12437.811
estrellas,6,paralelo,1,180,2,0,static,0,1234,0.427400,0.427400,0.024700,0.012900,0.000000,2339.729
estrellas,6,paralelo,1,180,2,1,static,0,1234,0.372700,0.372700,0.123200,0.121600,0.000000,2683.123
estrellas,7,serial,1,180,1,0,static,0,1234,0.060400,0.060400,0.011200,0.011300,0.000000,16556.291
estrellas,7,paralelo,1,180,2,0,static,0,1234,0.264300,0.264300,0.120100,0.121100,0.000000,3783.579
estrellas,7,paralelo,1,180,2,1,static,0,1234,0.520300,0.520300,0.177600,0.165600,0.000000,1921.968
estrellas,8,serial,1,180,1,0,static,0,1234,0.073100,0.073100,0.011100,0.010900,0.000000,13679.891
estrellas,8,paralelo,1,180,2,0,static,0,1234,0.265400,0.265400,0.121600,0.120200,0.000000,3767.898
estrellas,8,paralelo,1,180,2,1,static,0,1234,0.369800,0.369800,0.120900,0.121000,0.000000,2704.164
estrellas,9,serial,1,180,1,0,static,0,1234,0.081000,0.081000,0.018200,0.017700,0.000000,12345.679
estrellas,9,paralelo,1,180,2,0,static,0,1234,0.995500,0.995500,0.116800,0.080500,0.000000,1004.520
estrellas,9,paralelo,1,180,2,1,static,0,1234,0.207300,0.207300,0.113200,0.040500,0.000000,4823.927
estrellas,10,serial,1,180,1,0,static,0,1234,0.059600,0.059600,0.011000,0.010900,0.000000,16778.523
estrellas,10,paralelo,1,180,2,0,static,0,1234,0.943200,0.943200,0.039300,0.031600,0.000000,1060.221
estrellas,10,paralelo,1,180,2,1,static,0,1234,0.767900,0.767900,0.392300,0.281800,0.000000,1302.253
